date_collected,product_name,series,size,source_url,price_aud,list_price_aud,savings_summary,savings_details,price_valid_until,availability,install_price_aud,promo_checks,free_items,short_description,included_accessories_or_bundle,length_cm,width_cm,total_height_cm,monkey_bar_length_cm,playable_height_range_cm,width_between_vertical_poles_cm,accessory_bay_cm,weight_rating,minimum_clearance,warranty_frame,warranty_swings,warranty_accessories,extended_warranty,safety_certifications,safety_notes,delivery_summary,assembly_manual_url,assembly_video_url,spare_parts_policy,packaging_total_boxes,packaging_total_weight_kg,packaging_details,image_url,notes
2026-06-22,Quest 2.1 Treehouse,Quest 2.1 Treehouse,Treehouse,https://www.vulyplay.com/en-AU/monkey-bars/quest-2-playset/treehouse,2738.00,3649.00,"Save $1,111","Treehouse Bundle 1 - List price $3,649 (Now $2,738) Save $911; Basketball Set list price $200 (Now $0) Save $200 - TOTAL SAVINGS: $1,111 | (Compared to the price as of 21/06/26)",2026-06-30,InStock,745.00,,,,Quest 2.1 Treehouse Frame; Shade Cover; Gym Rope; Jungle Rope; Punching Ball; Long Ninja Grips (6); Roman Rings (2); Monkey Swing; Seat Swing; Anchor Kit (included with Frame),300cm,400cm,310cm,198cm,120cm - 195cm,100cm,,80 kg per accessory,Minimum clearance of 2m around all sides of the monkey bars,7 Years,2 Years,1 Year,,AS/NZS ISO 8124.1:2016; AS/NZS ISO 8124.2:2016; AS/NZS 8124.3:2012 + A1:2016; AS/NAZ 8124.6:2016,"Wind Warning | Strong winds can cause monkey bars and other backyard play equipment to lift or move. To keep your family safe, please ensure your Vuly Monkey Bars are securely anchored at all times.; Follow the installation instructions carefully to guarantee a correct setup.; Check anchors and fixtures regularly to make sure the frame remains secure.; Always use adult supervision when children are playing on the equipment.; By securing your playset and supervising play, you can enjoy safe, worry-free fun with your Vuly Monkey Bars . | Independently Certified | At Vuly , we’re proud to build Monkey Bars that are not only fun but truly safe and durable for your family. Every design considers every aspect of safety, with world-leading features that make our backyard play equipment stand out from ordinary climbing frames.; To give you complete peace of mind, all Vuly Monkey Bars are backed by independent safety and quality testing against the strictest international standards. This means your kids can enjoy hours of active outdoor play on equipment that’s certified, trusted, and built to last. | AS/NZS ISO 8124.1:2016; AS/NZS ISO 8124.2:2016; AS/NZS 8124.3:2012 + A1:2016; AS/NAZ 8124.6:2016","Click & Collect FREE | Order now and pick up your items from our Brisbane Showroom located in Wakerley. Estimated collection time is within 24 business hours of the order date. | Standard Delivery FREE* | Vuly will endeavour to provide timely delivery of ordered products within the timeframes below; however, estimated delivery times cannot be guaranteed and are a guide only. | Express Delivery Not Available | Unfortunately, we do not offer express delivery at this time.; *T&Cs apply.",https://www.vulyplay.com/files/webdownloads/manuals/368_Quest_2.1_Treehouse_.pdf?rand=89233,https://youtu.be/Ol7x69g_SdU,"Half Price Parts for Life | If you purchased your product from Vuly or an Authorised Reseller, you're eligible for access to half-price replacement parts for all its core components. | Register Your Product: https://www.vulyplay.com/en-AU/support-registration | Browse Half-Price Parts: https://www.vulyplay.com/en-AU/spare-parts",9,156.1,"Box TH1: 2 boxes, 20.8kg per box, W: 28cm x L: 106cm x H: 12cm | Box TH2: 1 boxes, 21.2kg per box, W: 33.5cm x L: 88.5cm x H: 15cm | Box TH3: 1 boxes, 22.2kg per box, W: 34.5cm x L: 113cm x H: 26cm | Box THJ: 1 boxes, 11.6kg per box, W: 37.5cm x L: 58.5cm x H: 14.5cm | Box A: 1 boxes, 22.5kg per box, W: 23cm x L: 116cm x H: 12cm | Box CL: 1 boxes, 22.0kg per box, W: 25.5cm x L: 116cm x H: 12cm | Box MBS: 2 boxes, 17.9kg per box, W: 22cm x L: 116cm x H: 12cm | Total: 9 boxes, 156.1kg,",https://cdn2.vulyplay.com/image/1098913a-0241-11f1-ad2f-816859067d5d.jpg,Data extracted from Vuly listing structured data and product-page CpcsPromoTile accordion payload.
2026-06-22,Small Quest 2.1 Monkey Bars,Quest 2.1,Small,https://www.vulyplay.com/en-AU/monkey-bars/quest-2/small,1432.00,1908.00,Save $676,"Small Quest 2.1 - List price $1,908 (Now $1,432) Save $476; Basketball Set list price $200 (Now $0) Save $200 - TOTAL SAVINGS: $676 | (Compared to the price as of 21/06/26)",2026-06-30,InStock,359.00,,,"Small Quest 2.1 features a compact design ideal for smaller backyard spaces, with a shade roof and compatibility with all accessories.",Frame; Cargo Net; Jungle Rope; Climbing Ladder; Round Ninja Grips (6); Roman Rings (2); Seat Swing; Monkey Swing; Anchor Kit (included with Frame),247cm,291cm,265cm,198cm,120cm - 195cm,100cm,55cm,80 kg per accessory,Minimum clearance of 2m around all sides of the monkey bars,7 Years,2 Years,1 Year,,AS/NZS ISO 8124.1:2016; AS/NZS ISO 8124.2:2016; AS/NZS 8124.3:2012 + A1:2016; AS/NAZ 8124.6:2016,"Wind Warning | Strong winds can cause monkey bars and other backyard play equipment to lift or move. To keep your family safe, please ensure your Vuly Monkey Bars are securely anchored at all times.; Follow the installation instructions carefully to guarantee a correct setup.; Check anchors and fixtures regularly to make sure the frame remains secure.; Always use adult supervision when children are playing on the equipment.; By securing your playset and supervising play, you can enjoy safe, worry-free fun with your Vuly Monkey Bars . | Independently Certified | At Vuly , we’re proud to build Monkey Bars that are not only fun but truly safe and durable for your family. Every design considers every aspect of safety, with world-leading features that make our backyard play equipment stand out from ordinary climbing frames.; To give you complete peace of mind, all Vuly Monkey Bars are backed by independent safety and quality testing against the strictest international standards. This means your kids can enjoy hours of active outdoor play on equipment that’s certified, trusted, and built to last. | AS/NZS ISO 8124.1:2016; AS/NZS ISO 8124.2:2016; AS/NZS 8124.3:2012 + A1:2016; AS/NAZ 8124.6:2016","Click & Collect FREE | Order now and pick up your items from our Brisbane Showroom located in Wakerley. Estimated collection time is within 24 business hours of the order date. | Standard Delivery FREE* | Vuly will endeavour to provide timely delivery of ordered products within the timeframes below; however, estimated delivery times cannot be guaranteed and are a guide only. | Express Delivery Not Available | Unfortunately, we do not offer express delivery at this time.; *T&Cs apply.",https://www.vulyplay.com/files/webdownloads/manuals/346_Quest_2.1_Small.pdf?rand=58281,https://youtu.be/xdMb-16A3Xs,"Half Price Parts for Life | If you purchased your product from Vuly or an Authorised Reseller, you're eligible for access to half-price replacement parts for all its core components. | Register Your Product: https://www.vulyplay.com/en-AU/support-registration | Browse Half-Price Parts: https://www.vulyplay.com/en-AU/spare-parts",7,109.7,"Box C: 2 boxes, 17.4kg per box, W: 20.5cm x L: 116cm x H: 12cm | Box MBS: 2 boxes, 17.9kg per box, W: 22cm x L: 116cm x H: 12cm | Box BS: 1 boxes, 16.9kg per box, W: 18cm x L: 116cm x H: 12cm | Box JS: 1 boxes, 8.2kg per box, W: 36cm x L: 48.5cm x H: 14cm | Box S: 1 boxes, 14kg per box, W: 30cm x L: 84cm x H: 15cm | Total: 7 boxes, 109.7kg,",https://cdn2.vulyplay.com/image/76696cc8-c349-11f0-978a-1baae5f89008.jpg,Data extracted from Vuly listing structured data and product-page CpcsPromoTile accordion payload.
2026-06-22,Medium Quest 2.1 Monkey Bars,Quest 2.1,Medium,https://www.vulyplay.com/en-AU/monkey-bars/quest-2/medium,1395.00,1859.00,Save $664,"Medium Quest 2.1 - List price $1,859 (Now $1,395) Save $464; Basketball Set list price $200 (Now $0) Save $200 - TOTAL SAVINGS UP TO: $664 | (Compared to the price as of 21/06/26)",2026-06-30,InStock,389.00,,,Medium Quest 2.1 is the perfect backyard all-rounder that balances playset footprint with room for accessories to evolve your play over time.,Frame; Shade Cover; Jungle Rope; Climbing Ladder; Round Ninja Grips (6); Flying Fox; Anchor Kit (included with Frame),344cm,240cm,265cm,295cm,120cm - 195cm,100cm,,80 kg per accessory,Minimum clearance of 2m around all sides of the monkey bars,7 Years,2 Years,1 Year,,,"Wind Warning | Strong winds can cause monkey bars and other backyard play equipment to lift or move. To keep your family safe, please ensure your Vuly Monkey Bars are securely anchored at all times.; Follow the installation instructions carefully to guarantee a correct setup.; Check anchors and fixtures regularly to make sure the frame remains secure.; Always use adult supervision when children are playing on the equipment.; By securing your playset and supervising play, you can enjoy safe, worry-free fun with your Vuly Monkey Bars . | Independently Certified | At Vuly , we’re proud to build Monkey Bars that are not only fun but truly safe and durable for your family. Every design considers every aspect of safety, with world-leading features that make our backyard play equipment stand out from ordinary climbing frames.; To give you complete peace of mind, all Vuly Monkey Bars are backed by independent safety and quality testing against the strictest international standards. This means your kids can enjoy hours of active outdoor play on equipment that’s certified, trusted, and built to last.","Click & Collect FREE | Order now and pick up your items from our Brisbane Showroom located in Wakerley. Estimated collection time is within 24 business hours of the order date. | Standard Delivery FREE* | Vuly will endeavour to provide timely delivery of ordered products within the timeframes below; however, estimated delivery times cannot be guaranteed and are a guide only. | Express Delivery Not Available | Unfortunately, we do not offer express delivery at this time.; *T&Cs apply.",https://www.vulyplay.com/files/webdownloads/manuals/347_Quest_2.1_Medium.pdf?rand=2363,https://youtu.be/Ey9he1Qbrxc,"Half Price Parts for Life | If you purchased your product from Vuly or an Authorised Reseller, you're eligible for access to half-price replacement parts for all its core components. | Register Your Product: https://www.vulyplay.com/en-AU/support-registration | Browse Half-Price Parts: https://www.vulyplay.com/en-AU/spare-parts",8,129.8,"Box MB1: 1 boxes, 14.5kg per box, W: 24cm x L: 116cm x H: 12cm | Box MB2: 1 boxes, 20.1kg per box, W: 219cm x L: 116cm x H: 12cm | Box A: 1 boxes, 22.5kg per box, W: 23cm x L: 116cm x H: 12cm | Box B: 1 boxes, 14.5kg per box, W: 18cm x L: 116cm x H: 12cm | Box C: 2 boxes, 17.4kg per box, W: 20.5cm x L: 116cm x H: 12cm | Box JM: 1 boxes, 7.8kg per box, W: 38cm x L: 43cm x H: 14cm | Box M: 1 boxes, 15.6kg per box, W: 30cm x L: 84cm x H: 19cm | Total: 8 boxes, 129.8kg,",https://cdn2.vulyplay.com/image/7ba58bcc-c349-11f0-bf20-69f5bfc10a9e.jpg,Data extracted from Vuly listing structured data and product-page CpcsPromoTile accordion payload.
2026-06-22,Large Quest 2.1 Monkey Bars,Quest 2.1,Large,https://www.vulyplay.com/en-AU/monkey-bars/quest-2/large,1890.00,2519.00,Save $829,"Large Quest 2.1 - List Price $2,519 (Now $1,890) Save $629; Basketball Set list price $200 (Now $0) Save $200 - TOTAL SAVINGS: $829 | (Compared to the price as of 21/06/26)",2026-06-30,InStock,435.00,,,Tailor the Large Quest 2.1 to your family’s every need with plenty of room for all kinds of backyard fun. Featuring fully customisable accessories and Vuly-designed durability.,Frame; Shade Cover; Boxing Bag; Round Ninja Grips (6); S Nest Swing; Monkey Swing; Flying Fox; Anchor Kit (included with Frame),344cm,362cm,265cm,295cm,120cm - 195cm,100cm,,80 kg per accessory,Minimum clearance of 2m around all sides of the monkey bars,7 Years,2 Years,1 Year,,AS/NZS ISO 8124.1:2016; AS/NZS ISO 8124.2:2016; AS/NZS 8124.3:2012 + A1:2016; AS/NAZ 8124.6:2016,"Wind Warning | Strong winds can cause monkey bars and other backyard play equipment to lift or move. To keep your family safe, please ensure your Vuly Monkey Bars are securely anchored at all times.; Follow the installation instructions carefully to guarantee a correct setup.; Check anchors and fixtures regularly to make sure the frame remains secure.; Always use adult supervision when children are playing on the equipment.; By securing your playset and supervising play, you can enjoy safe, worry-free fun with your Vuly Monkey Bars . | Independently Certified | At Vuly , we’re proud to build Monkey Bars that are not only fun but truly safe and durable for your family. Every design considers every aspect of safety, with world-leading features that make our backyard play equipment stand out from ordinary climbing frames.; To give you complete peace of mind, all Vuly Monkey Bars are backed by independent safety and quality testing against the strictest international standards. This means your kids can enjoy hours of active outdoor play on equipment that’s certified, trusted, and built to last. | AS/NZS ISO 8124.1:2016; AS/NZS ISO 8124.2:2016; AS/NZS 8124.3:2012 + A1:2016; AS/NAZ 8124.6:2016","Click & Collect FREE | Order now and pick up your items from our Brisbane Showroom located in Wakerley. Estimated collection time is within 24 business hours of the order date. | Standard Delivery FREE* | Vuly will endeavour to provide timely delivery of ordered products within the timeframes below; however, estimated delivery times cannot be guaranteed and are a guide only. | Express Delivery Not Available | Unfortunately, we do not offer express delivery at this time.; *T&Cs apply.",https://www.vulyplay.com/files/webdownloads/manuals/348_Quest_2.1_Large.pdf?rand=2363,https://youtu.be/LpSm9sRRSTI,"Half Price Parts for Life | If you purchased your product from Vuly or an Authorised Reseller, you're eligible for access to half-price replacement parts for all its core components. | Register Your Product: https://www.vulyplay.com/en-AU/support-registration | Browse Half-Price Parts: https://www.vulyplay.com/en-AU/spare-parts",9,157.1,"Box MB1: 1 boxes, 14.5kg per box, W: 24cm x L: 116cm x H: 12cm | Box MB2: 1 boxes, 20.1kg per box, W: 19cm x L: 116cm x H: 12cm | Box A: 1 boxes, 22.5kg per box, W: 23cm x L: 116cm x H: 12cm | Box B: 2 boxes, 14.5kg per box, W: 18cm x L: 116cm x H: 12cm | Box CL: 2 boxes, 22kg per box, W: 25.5cm x L: 116cm x H: 12cm | Box JL: 1 boxes, 9.4kg per box, W: 36cm x L: 48.5cm x H: 14cm | Box L: 1 boxes, 17.6kg per box, W: 31.5cm x L: 101.5cm x H: 17cm | Total: 9 boxes, 157.1kg,",https://cdn2.vulyplay.com/image/bf2ed9f8-36c0-11f1-9eae-ebb1802f9c48.jpg,Data extracted from Vuly listing structured data and product-page CpcsPromoTile accordion payload.
2026-06-22,Large Ninja Quest 2 Monkey Bars,Quest 2.1,Large Ninja,https://www.vulyplay.com/en-AU/monkey-bars/quest-2/large-ninja,2078.00,2769.00,Save $891,"Large Ninja Quest 2 - List Price $2,769 (Now $2,078) Save $691; Basketball Set list price $200 (Now $0) Save $200 - TOTAL SAVINGS: $891 | (Compared to the price as of 21/06/26)",2026-06-30,InStock,649.00,,,Large Ninja Quest 2 is an epic backyard playset with plenty of room physical development. Take your backyard play to the next level with hours of amusement.,Frame; Shade Cover; Gym Rope; Jungle Rope; Boxing Bag; Climbing Ladder; Long Ninja Grips (6); Anchor Kit (included with Frame),365cm,377cm,306cm,299cm,120cm - 195cm,100cm,,80 kg per accessory,Minimum clearance of 2m around all sides of the monkey bars,7 Years,2 Years,1 Year,,AS/NZS ISO 8124.1:2016; AS/NZS ISO 8124.2:2016; AS/NZS 8124.3:2012 + A1:2016; AS/NAZ 8124.6:2016,"Wind Warning | Strong winds can cause monkey bars and other backyard play equipment to lift or move. To keep your family safe, please ensure your Vuly Monkey Bars are securely anchored at all times.; Follow the installation instructions carefully to guarantee a correct setup.; Check anchors and fixtures regularly to make sure the frame remains secure.; Always use adult supervision when children are playing on the equipment.; By securing your playset and supervising play, you can enjoy safe, worry-free fun with your Vuly Monkey Bars . | Independently Certified | At Vuly , we’re proud to build Monkey Bars that are not only fun but truly safe and durable for your family. Every design considers every aspect of safety, with world-leading features that make our backyard play equipment stand out from ordinary climbing frames.; To give you complete peace of mind, all Vuly Monkey Bars are backed by independent safety and quality testing against the strictest international standards. This means your kids can enjoy hours of active outdoor play on equipment that’s certified, trusted, and built to last. | AS/NZS ISO 8124.1:2016; AS/NZS ISO 8124.2:2016; AS/NZS 8124.3:2012 + A1:2016; AS/NAZ 8124.6:2016","Click & Collect FREE | Order now and pick up your items from our Brisbane Showroom located in Wakerley. Estimated collection time is within 24 business hours of the order date. | Standard Delivery FREE* | Vuly will endeavour to provide timely delivery of ordered products within the timeframes below; however, estimated delivery times cannot be guaranteed and are a guide only. | Express Delivery Not Available | Unfortunately, we do not offer express delivery at this time.; *T&Cs apply.",https://www.vulyplay.com/files/webdownloads/manuals/328_Ninja_Quest_2_Large.pdf?rand=72567?rand=72567,https://youtu.be/LpSm9sRRSTI,"Half Price Parts for Life | If you purchased your product from Vuly or an Authorised Reseller, you're eligible for access to half-price replacement parts for all its core components. | Register Your Product: https://www.vulyplay.com/en-AU/support-registration | Browse Half-Price Parts: https://www.vulyplay.com/en-AU/spare-parts",9,206.2,"Box A1: 1 boxes, 23kg per box, W: 29cm x L: 115cm x H: 11.5cm | Box B: 1 boxes, 22kg per box, W: 29cm x L: 107cm x H: 12cm | Box C: 1 boxes, 22.5kg per box, W: 23cm x L: 117cm x H: 11.5cm | Box NL1: 1 boxes, 24.6kg per box, W: 34cm x L: 117cm x H: 13cm | Box N1: 1 boxes, 23.1kg per box, W: 32cm x L: 108cm x H: 16cm | Box N2: 1 boxes, 22.8kg per box, W: 32cm x L: 116cm x H: 11cm | Box NL2: 1 boxes, 22.5kg per box, W: 33cm x L: 115.5cm x H: 11cm | Box NL3: 1 boxes, 22.7kg per box, W: 32cm x L: 104.5cm x H: 19cm | Box N3: 1 boxes, 23kg per box, W: 29cm x L: 115cm x H: 11.5cm | Total: 9 boxes, 206.2kg,",https://cdn2.vulyplay.com/image/438a0d10-c34b-11f0-b261-05e3953c9a4b.jpg,Data extracted from Vuly listing structured data and product-page CpcsPromoTile accordion payload.
2026-06-22,Extra Large Quest 2 Monkey Bars,Quest 2.1,Extra Large,https://www.vulyplay.com/en-AU/monkey-bars/quest-2/extra-large,2266.00,3019.00,Save $953,"Extra Large Quest 2 - List Price $3,019 (Now $2,266) Save $753; Basketball Set list price $200 (Now $0) Save $200 - TOTAL SAVINGS: $953 | (Compared to the price as of 21/06/26)",2026-06-30,LimitedAvailability,649.00,,,"The XL Quest 2 is the king of backyard playsets, with two sets of monkey bars, numerous accessories and space for a whole lot more. Elevate your backyard play.",Frame; Shade Cover; Jungle Rope; Long Ninja Grips (6); Roman Rings; Wrecking Swing; Flying Fox; Monkey Swing; Anchor Kit (included with Frame),717cm,296cm,263cm,299cm,120cm - 195cm,100cm,,80 kg per accessory,Minimum clearance of 2m around all sides of the monkey bars,7 Years,2 Years,1 Year,,AS/NZS ISO 8124.1:2016; AS/NZS ISO 8124.2:2016; AS/NZS 8124.3:2012 + A1:2016; AS/NAZ 8124.6:2016,"Wind Warning | Strong winds can cause monkey bars and other backyard play equipment to lift or move. To keep your family safe, please ensure your Vuly Monkey Bars are securely anchored at all times.; Follow the installation instructions carefully to guarantee a correct setup.; Check anchors and fixtures regularly to make sure the frame remains secure.; Always use adult supervision when children are playing on the equipment.; By securing your playset and supervising play, you can enjoy safe, worry-free fun with your Vuly Monkey Bars . | Independently Certified | At Vuly , we’re proud to build Monkey Bars that are not only fun but truly safe and durable for your family. Every design considers every aspect of safety, with world-leading features that make our backyard play equipment stand out from ordinary climbing frames.; To give you complete peace of mind, all Vuly Monkey Bars are backed by independent safety and quality testing against the strictest international standards. This means your kids can enjoy hours of active outdoor play on equipment that’s certified, trusted, and built to last. | AS/NZS ISO 8124.1:2016; AS/NZS ISO 8124.2:2016; AS/NZS 8124.3:2012 + A1:2016; AS/NAZ 8124.6:2016","Click & Collect FREE | Order now and pick up your items from our Brisbane Showroom located in Wakerley. Estimated collection time is within 24 business hours of the order date. | Standard Delivery FREE* | Vuly will endeavour to provide timely delivery of ordered products within the timeframes below; however, estimated delivery times cannot be guaranteed and are a guide only. | Express Delivery Not Available | Unfortunately, we do not offer express delivery at this time.; *T&Cs apply.",https://www.vulyplay.com/files/webdownloads/manuals/330_Quest_2_Extra_Large.pdf?rand=72567?rand=72567,https://youtu.be/dcqvFuAmXCQ,"Half Price Parts for Life | If you purchased your product from Vuly or an Authorised Reseller, you're eligible for access to half-price replacement parts for all its core components. | Register Your Product: https://www.vulyplay.com/en-AU/support-registration | Browse Half-Price Parts: https://www.vulyplay.com/en-AU/spare-parts",8,181.7,"Box A1: 1 boxes, 23kg per box, W: 29cm x L: 115cm x H: 11.5cm | Box B: 1 boxes, 22kg per box, W: 29cm x L: 107cm x H: 12cm | Box C: 2 boxes, 22.5kg per box, W: 23cm x L: 117cm x H: 11.5cm | Box X1: 1 boxes, 22.5kg per box, W: 29cm x L: 104.5cm x H: 11.5cm | Box X2: 1 boxes, 24.3kg per box, W: 36cm x L: 116cm x H: 20.5cm | Box X3: 1 boxes, 22kg per box, W: 28cm x L: 113cm x H: 13.5cm | Box A2: 1 boxes, 22.9kg per box, W: 29cm x L: 115cm x H: 11.5cm | Total: 8 boxes, 181.7kg,",https://cdn2.vulyplay.com/image/85214896-db0c-11f0-a1ec-6b8254ef5eb3.jpg,Data extracted from Vuly listing structured data and product-page CpcsPromoTile accordion payload.
2026-06-22,Small Quest 2.1 Pro Monkey Bars,Quest 2.1 Pro,Small,https://www.vulyplay.com/en-AU/monkey-bars/quest-2-pro/small,2047.00,2728.00,Save $881,"Small Quest 2.1 Pro - List price $2,728 (Now $2,047) Save $681; Basketball Set list price $200 (Now $0) Save $200; - TOTAL SAVINGS: $881 | (Compared to the price as of 21/06/26)",2026-06-30,InStock,475.00,,,"The Small Quest 2.1 Pro features a stylist compact design ideal for smaller backyard spaces, with all the features of the Quest 2 Pro range.",Small Quest 2.1 Pro Frame; Netball Ring; Gym Rope; Long Ninja Grips (set of 6); Bounce Swing; Toddler Swing; Anchor Kit (included with Frame),247cm,291cm,310cm,198cm,120cm - 195cm,100cm,55cm,80 kg per accessory,Minimum clearance of 2m around all sides of the monkey bars,7 Years,2 Years,1 Year,,AS/NZS ISO 8124.1:2016; AS/NZS ISO 8124.2:2016; AS/NZS 8124.3:2012 + A1:2016; AS/NAZ 8124.6:2016,"Wind Warning | Strong winds can cause monkey bars and other backyard play equipment to lift or move. To keep your family safe, please ensure your Vuly Monkey Bars are securely anchored at all times.; Follow the installation instructions carefully to guarantee a correct setup.; Check anchors and fixtures regularly to make sure the frame remains secure.; Always use adult supervision when children are playing on the equipment.; By securing your playset and supervising play, you can enjoy safe, worry-free fun with your Vuly Monkey Bars . | Independently Certified | At Vuly , we’re proud to build Monkey Bars that are not only fun but truly safe and durable for your family. Every design considers every aspect of safety, with world-leading features that make our backyard play equipment stand out from ordinary climbing frames.; To give you complete peace of mind, all Vuly Monkey Bars are backed by independent safety and quality testing against the strictest international standards. This means your kids can enjoy hours of active outdoor play on equipment that’s certified, trusted, and built to last. | AS/NZS ISO 8124.1:2016; AS/NZS ISO 8124.2:2016; AS/NZS 8124.3:2012 + A1:2016; AS/NAZ 8124.6:2016","Click & Collect FREE | Order now and pick up your items from our Brisbane Showroom located in Wakerley. Estimated collection time is within 24 business hours of the order date. | Standard Delivery FREE* | Order now and pick up your items from our Brisbane Showroom located in Wakerley. Estimated collection time is within 24 business hours of the order date. | Vuly will endeavour to provide timely delivery of ordered products within the timeframes below; however, estimated delivery times cannot be guaranteed and are a guide only. | Express Delivery Not Available | Unfortunately, we do not offer express delivery at this time.; *T&Cs apply.",https://www.vulyplay.com/files/webdownloads/manuals/351_Quest_2.1_Pro_Small.pdf?rand=99542,https://www.youtube.com/watch?v=daP5IhOhvAg,"Half Price Parts for Life | If you purchased your product from Vuly or an Authorised Reseller, you're eligible for access to half-price replacement parts for all its core components. | Register Your Product: https://www.vulyplay.com/en-AU/support-registration | Browse Half-Price Parts: https://www.vulyplay.com/en-AU/spare-parts",8,127.1,"Box PRO: 1 boxes, 10.7kg per box, W: 18cm x L: 89.5cm x H: 12cm | Box MBS: 2 boxes, 17.9kg per box, W: 22cm x L: 116cm x H: 12cm | Box BS: 1 boxes, 16.9kg per box, W: 18cm x L: 116cm x H: 12cm | Box PJS: 1 boxes, 9.1kg per box, W: 42cm x L: 55cm x H: 14cm | Box PS: 1 boxes, 19.8kg per box, W: 35cm x L: 112cm x H: 21cm | Box PC: 2 boxes, 17.4kg per box, W: 20.5cm x L: 116cm x H: 12cm | Total: 8 boxes, 127.1kg,",https://cdn2.vulyplay.com/image/0a4599a8-1c0a-11f1-9f53-7bcc5f483960.jpg,Data extracted from Vuly listing structured data and product-page CpcsPromoTile accordion payload.
2026-06-22,Medium Quest 2.1 Pro Monkey Bars,Quest 2.1 Pro,Medium,https://www.vulyplay.com/en-AU/monkey-bars/quest-2-pro/medium,2257.00,3009.00,Save $952,"Medium Quest 2.1 Pro - List Price $3,009 (Now $2,257) Save $752; Basketball Set list price $200 (Now $0) Save $200 - TOTAL SAVINGS: $952 | (Compared to the price as of 21/06/26)",2026-06-30,InStock,559.00,,,Medium Quest 2.1 Pro is the perfect all-rounder with all the features of Quest 2 Pro. It strikes a balance between a more compact playset footprint and ample room for accessories.,Frame; Shade Cover; Cargo Net; S Nest Swing; Jungle Rope; Seat Swing; Climbing Ladder; Anchor Kit (included with Frame),344cm,240cm,310cm,295cm,120cm - 195cm,100cm,,80 kg per accessory,Minimum clearance of 2m around all sides of the monkey bars,7 Years,2 Years,1 Year,,,"Wind Warning | Strong winds can cause monkey bars and other backyard play equipment to lift or move. To keep your family safe, please ensure your Vuly Monkey Bars are securely anchored at all times.; Follow the installation instructions carefully to guarantee a correct setup.; Check anchors and fixtures regularly to make sure the frame remains secure.; Always use adult supervision when children are playing on the equipment.; By securing your playset and supervising play, you can enjoy safe, worry-free fun with your Vuly Monkey Bars . | Independently Certified | At Vuly , we’re proud to build Monkey Bars that are not only fun but truly safe and durable for your family. Every design considers every aspect of safety, with world-leading features that make our backyard play equipment stand out from ordinary climbing frames.; To give you complete peace of mind, all Vuly Monkey Bars are backed by independent safety and quality testing against the strictest international standards. This means your kids can enjoy hours of active outdoor play on equipment that’s certified, trusted, and built to last.","Click & Collect FREE | Order now and pick up your items from our Brisbane Showroom located in Wakerley. Estimated collection time is within 24 business hours of the order date. | Standard Delivery FREE* | Vuly will endeavour to provide timely delivery of ordered products within the timeframes below; however, estimated delivery times cannot be guaranteed and are a guide only. | Express Delivery Not Available | Unfortunately, we do not offer express delivery at this time.; *T&Cs apply.",https://www.vulyplay.com/files/webdownloads/manuals/352_Quest_2.1_Pro_Medium.pdf?rand=21270,https://youtu.be/fcwDGX4Lezg,"Half Price Parts for Life | If you purchased your product from Vuly or an Authorised Reseller, you're eligible for access to half-price replacement parts for all its core components. | Register Your Product: https://www.vulyplay.com/en-AU/support-registration | Browse Half-Price Parts: https://www.vulyplay.com/en-AU/spare-parts",9,153.1,"Box MB1: 1 boxes, 14.5kg per box, W: 24cm x L: 116cm x H: 12cm | Box MB2: 1 boxes, 20.1kg per box, W: 19cm x L: 116cm x H: 12cm | Box A: 1 boxes, 22.5kg per box, W: 23cm x L: 116cm x H: 12cm | Box Pro: 1 boxes, 10.7kg per box, W: 18cm x L: 89.5cm x H: 12cm | Box PB: 1 boxes, 19.8kg per box, W: 23cm x L: 116cm x H: 12cm | Box PC: 2 boxes, 17.4kg per box, W: 20.5cm x L: 116cm x H: 12cm | Box PJM: 1 boxes, 9.5kg per box, W: 42cm x L: 50cm x H: 14cm | Box PM: 1 boxes, 21.2kg per box, W: 35cm x L: 112cm x H: 23cm | Total: 9 boxes, 153.1kg,",https://cdn2.vulyplay.com/image/c5332c32-0240-11f1-a29f-c3921682c3fc.jpg,Data extracted from Vuly listing structured data and product-page CpcsPromoTile accordion payload.
2026-06-22,Large Quest 2.1 Pro Monkey Bars,Quest 2.1 Pro,Large,https://www.vulyplay.com/en-AU/monkey-bars/quest-2-pro/large,2677.00,3568.00,"Save $1,091","Large Quest 2.1 Pro - List Price $3,568 (Now $2,677) Save $891; Basketball Set list price $200 (Now $0) Save $200; - TOTAL SAVINGS: $1,091 | (Compared to the price as of 21/06/26)",2026-06-30,InStock,659.00,,,"Large Quest 2.1 Pro is a playset with elevated hideout and cargo net, X-Brace™ stability system and plenty of room for even more accessories to expand your play.",Frame; Shade Cover; Cargo Net; Flying Fox; Jungle Rope; Punching Ball; Roman Rings; Wrecking; Toddler Swing; Anchor Kit (included with Frame),344cm,362cm,310cm,295cm,120cm - 195cm,100cm,,80 kg per accessory,Minimum clearance of 2m around all sides of the monkey bars,7 Years,2 Years,1 Year,,AS/NZS ISO 8124.1:2016; AS/NZS ISO 8124.2:2016; AS/NZS 8124.3:2012 + A1:2016; AS/NAZ 8124.6:2016,"Wind Warning | Strong winds can cause monkey bars and other backyard play equipment to lift or move. To keep your family safe, please ensure your Vuly Monkey Bars are securely anchored at all times.; Follow the installation instructions carefully to guarantee a correct setup.; Check anchors and fixtures regularly to make sure the frame remains secure.; Always use adult supervision when children are playing on the equipment.; By securing your playset and supervising play, you can enjoy safe, worry-free fun with your Vuly Monkey Bars . | Independently Certified | At Vuly , we’re proud to build Monkey Bars that are not only fun but truly safe and durable for your family. Every design considers every aspect of safety, with world-leading features that make our backyard play equipment stand out from ordinary climbing frames.; To give you complete peace of mind, all Vuly Monkey Bars are backed by independent safety and quality testing against the strictest international standards. This means your kids can enjoy hours of active outdoor play on equipment that’s certified, trusted, and built to last. | AS/NZS ISO 8124.1:2016; AS/NZS ISO 8124.2:2016; AS/NZS 8124.3:2012 + A1:2016; AS/NAZ 8124.6:2016","Click & Collect FREE | Order now and pick up your items from our Brisbane Showroom located in Wakerley. Estimated collection time is within 24 business hours of the order date. | Standard Delivery FREE* | Vuly will endeavour to provide timely delivery of ordered products within the timeframes below; however, estimated delivery times cannot be guaranteed and are a guide only. | Express Delivery Not Available | Unfortunately, we do not offer express delivery at this time.; *T&Cs apply.",https://www.vulyplay.com/files/webdownloads/manuals/353_Quest_2.1_Pro_Large.pdf?rand=36869,https://youtu.be/CAMoGd2-1Q0?si=9e9t1M2mPNCRp9l7,"Half Price Parts for Life | If you purchased your product from Vuly or an Authorised Reseller, you're eligible for access to half-price replacement parts for all its core components. | Register Your Product: https://www.vulyplay.com/en-AU/support-registration | Browse Half-Price Parts: https://www.vulyplay.com/en-AU/spare-parts",10,180.4,"Box MB1: 1 boxes, 14.5kg per box, W: 24cm x L: 116cm x H: 12cm | Box MB2: 1 boxes, 20.1kg per box, W: 19cm x L: 116cm x H: 12cm | Box A: 1 boxes, 22.5kg per box, W: 23cm x L: 116cm x H: 12cm | Box B: 1 boxes, 14.5kg per box, W: 18cm x L: 116cm x H: 12cm | Box Pro: 1 boxes, 10.7kg per box, W: 18cm x L: 89.5cm x H: 12cm | Box PB: 1 boxes, 19.8kg per box, W: 23cm x L: 116cm x H: 12cm | Box PJL: 1 boxes, 15.3kg per box, W: 42.5cm x L: 62.5cm x H: 14cm | Box PL: 1 boxes, 19kg per box, W: 35cm x L: 112cm x H: 26cm | Box PCL: 2 boxes, 22kg per box, W: 25.5cm x L: 116cm x H: 12cm | Total: 10 boxes, 180.4kg,",https://cdn2.vulyplay.com/image/3f673d90-6baa-11f1-8172-aff36b64fc9d.jpg,Data extracted from Vuly listing structured data and product-page CpcsPromoTile accordion payload.
2026-06-22,Large Ninja Quest 2.1 Pro Monkey Bars,Quest 2.1 Pro,Large Ninja,https://www.vulyplay.com/en-AU/monkey-bars/quest-2-pro/large-ninja,2939.00,3918.00,"Save $1,179","Large Ninja Quest 2.1 Pro - List price $3,918 (Now $2,939) Save $979; Basketball Set list price $200 (Now $0) Save $200 - TOTAL SAVINGS: $1,179 | (Compared to the price as of 21/06/26)",2026-06-30,InStock,745.00,,,Take play to the next level. Large Ninja Quest 2.1 Pro is the ultimate backyard playset for active kids.,Large Ninja Quest 2.1 Pro Frame; Shade Cover; Cargo Net; Round Ninja Grips; Monkey Swing; Gym Rope; Seat Swing; Bounce Swing; Anchor Kit (included with Frame),365cm,377cm,306cm,299cm,120cm - 195cm,100cm,,80 kg per accessory,Minimum clearance of 2m around all sides of the monkey bars,7 Years,2 Years,1 Year,,AS/NZS ISO 8124.1:2016; AS/NZS ISO 8124.2:2016; AS/NZS 8124.3:2012 + A1:2016; AS/NAZ 8124.6:2016,"Wind Warning | Strong winds can cause monkey bars and other backyard play equipment to lift or move. To keep your family safe, please ensure your Vuly Monkey Bars are securely anchored at all times.; Follow the installation instructions carefully to guarantee a correct setup.; Check anchors and fixtures regularly to make sure the frame remains secure.; Always use adult supervision when children are playing on the equipment.; By securing your playset and supervising play, you can enjoy safe, worry-free fun with your Vuly Monkey Bars . | Independently Certified | At Vuly , we’re proud to build Monkey Bars that are not only fun but truly safe and durable for your family. Every design considers every aspect of safety, with world-leading features that make our backyard play equipment stand out from ordinary climbing frames.; To give you complete peace of mind, all Vuly Monkey Bars are backed by independent safety and quality testing against the strictest international standards. This means your kids can enjoy hours of active outdoor play on equipment that’s certified, trusted, and built to last. | AS/NZS ISO 8124.1:2016; AS/NZS ISO 8124.2:2016; AS/NZS 8124.3:2012 + A1:2016; AS/NAZ 8124.6:2016","Click & Collect FREE | Order now and pick up your items from our Brisbane Showroom located in Wakerley. Estimated collection time is within 24 business hours of the order date. | Standard Delivery FREE* | Vuly will endeavour to provide timely delivery of ordered products within the timeframes below; however, estimated delivery times cannot be guaranteed and are a guide only. | Express Delivery Not Available | Unfortunately, we do not offer express delivery at this time.; *T&Cs apply.",https://www.vulyplay.com/files/webdownloads/manuals/313_Ninja_Quest_2_Pro_Large.pdf?rand=69759,https://youtu.be/vOa-qlBwX2s,"Half Price Parts for Life | If you purchased your product from Vuly or an Authorised Reseller, you're eligible for access to half-price replacement parts for all its core components. | Register Your Product: https://www.vulyplay.com/en-AU/support-registration | Browse Half-Price Parts: https://www.vulyplay.com/en-AU/spare-parts",10,218.5,"Box B: 1 boxes, 22kg per box, W: 29cm x L: 107cm x H: 12cm | Box C: 1 boxes, 22.5kg per box, W: 23cm x L: 117cm x H: 11.5cm | Box P1: 1 boxes, 21.8kg per box, W: 31.5cm x L: 116cm x H: 12cm | Box N1: 1 boxes, 23.1kg per box, W: 32cm x L: 108cm x H: 16cm | Box N2: 1 boxes, 22.8kg per box, W: 32cm x L: 116cm x H: 11cm | Box NP1: 1 boxes, 21.9kg per box, W: 31cm x L: 117cm x H: 11cm | Box NP2: 1 boxes, 21.1kg per box, W: 33cm x L: 106cm x H: 19cm | Box NP3: 1 boxes, 17.3kg per box, W: 34cm x L: 92.5cm x H: 20.5cm | Box N3: 1 boxes, 23kg per box, W: 29cm x L: 115cm x H: 11.5cm | Box PA3: 1 boxes, 23kg per box, W: 29cm x L: 115cm x H: 11.5cm | Total: 10 boxes, 218.5kg,",https://cdn2.vulyplay.com/image/dc31cfc6-58bf-11f1-8493-cd2a2f426452.jpg,Data extracted from Vuly listing structured data and product-page CpcsPromoTile accordion payload.
